{
  "$schema": "https://raw.githubusercontent.com/grafana/grafana/master/docs/sources/developers/plugins/plugin.schema.json",
  "type": "panel",
  "name": "Donut Panel",
  "id": "integrationmatters-donut-panel",
  "info": {
    "description": "",
    "author": {
      "name": "Integration Matters",
      "url": "https://www.integrationmatters.com/"
    },
    "keywords": [
      "flows",
      "donut"
    ],
    "logos": {
      "small": "assets/images/logo.svg",
      "large": "assets/images/logo.svg"
    },
    "links": [],
    "screenshots": [
      {
        "name": "Donut overview",
        "path": "assets/images/screenshot.png"
      }
    ],
    "version": "1.0.0",
    "updated": "2021-07-14"
  },
  "dependencies": {
    "grafanaDependency": ">=7.0.0",
    "plugins": []
  }
}
